Id,Source,Target,Weight
0,0,1,-0.7669331
1,0,4,1.2904334
2,0,33,-1.6347431
3,0,35,-2.2309208
4,0,37,-0.051667284
5,0,38,-1.3994154
6,0,56,1.2785741
7,0,57,0.3076376
8,0,60,1.6140413
9,0,66,1.3830203
10,0,75,0.9336975
11,0,78,1.1314696
12,0,89,-0.98002
13,0,107,-2.6489077
14,0,113,-0.46013412
15,0,115,-0.5022789
16,1,0,-1.5457056
17,1,4,-2.0610616
18,1,27,2.1274304
19,1,37,0.24296339
20,1,45,-0.711939
21,1,56,-0.82811344
22,1,60,0.35751677
23,1,70,0.38312116
24,1,74,-1.2941383
25,1,92,1.2355793
26,1,101,6.0864034
27,1,125,-0.12585646
28,2,29,-0.71299964
29,2,35,-0.5228076
30,2,38,-0.54309595
31,2,43,-0.71465254
32,2,50,-1.267129
33,2,63,-2.275745
34,2,72,-0.8963562
35,2,111,-0.6316091
36,2,122,1.3845167
37,2,124,-1.1254236
38,3,18,-0.2884655
39,3,27,-0.47333923
40,3,35,0.4947733
41,3,43,0.36984876
42,3,66,-0.17223595
43,3,85,0.5449672
44,3,103,0.117078826
45,3,104,-1.0095733
46,3,117,-2.3727977
47,3,125,0.48700404
48,4,62,-0.1732758
49,4,63,0.24984775
50,4,64,-1.630112
51,4,68,1.3118601
52,4,92,1.0963327
53,4,95,1.7973615
54,4,104,-0.23291487
55,5,4,-1.5012242
56,5,12,-0.2567784
57,5,22,2.1980026
58,5,50,1.0907934
59,5,51,0.31381923
60,5,64,-0.4632374
61,5,65,-0.6180986
62,5,77,1.9629381
63,5,81,3.1869986
64,5,92,0.8519227
65,5,100,-0.6002117
66,5,103,-2.9727702
67,5,105,-0.74340725
68,5,116,-0.9913667
69,5,128,0.049913045
70,6,8,0.39138934
71,6,10,-6.9856205
72,6,15,-0.015015013
73,6,32,1.8238596
74,6,35,0.638331
75,6,40,0.2748475
76,6,52,-0.3654369
77,6,54,0.7376066
78,6,70,-0.031726044
79,6,78,0.3445521
80,6,80,0.4149807
81,6,93,2.223092
82,6,94,0.20535393
83,6,100,-1.0872197
84,6,101,0.045749623
85,6,104,1.4221946
86,6,119,-0.9760242
87,6,130,0.008027834
88,7,3,-0.6053014
89,7,9,-2.7333734
90,7,12,2.511112
91,7,19,0.2250097
92,7,23,-1.1506882
93,7,49,-0.67716897
94,7,51,-2.3461318
95,7,57,1.0412652
96,7,58,-1.463837
97,7,65,-1.5153775
98,7,84,-0.7401588
99,7,89,3.60777
100,7,111,0.32039407
101,7,120,-2.2730865
102,8,32,2.2307
103,8,39,-3.0198376
104,8,40,-0.78867733
105,8,50,0.27421513
106,8,59,-2.1488385
107,8,93,4.9095798
108,8,108,-0.79303205
109,8,121,0.51102173
110,9,25,2.1109638
111,9,42,0.42896396
112,9,57,-0.53295875
113,9,59,-1.5530418
114,9,60,-1.3540082
115,9,84,1.5277747
116,9,87,1.0044655
117,9,99,-0.60481644
118,9,102,1.2200767
119,9,110,0.72943264
120,9,115,-1.18923
121,10,16,1.0809367
122,10,31,0.08905285
123,10,37,0.32249072
124,10,47,1.2505794
125,10,50,-0.20652296
126,10,54,-0.8403684
127,10,67,-0.09926404
128,10,70,-0.20280264
129,10,76,1.1196368
130,10,91,0.34689012
131,10,105,0.0800216
132,10,120,3.1827745
133,10,123,0.39823604
134,10,128,0.21846093
135,11,1,-0.6259195
136,11,4,1.0800053
137,11,27,0.65055394
138,11,64,-0.43428043
139,11,85,1.1963719
140,11,88,-0.7070655
141,11,89,0.10519873
142,11,105,1.6917686
143,11,110,1.736518
144,11,122,0.40245396
145,11,123,0.8725357
146,12,2,-1.9565578
147,12,44,0.5007259
148,12,53,-0.3712453
149,12,59,0.4445685
150,12,70,-0.3594966
151,12,78,1.5694897
152,12,86,-5.060973
153,12,87,3.2587569
154,12,89,-0.16773295
155,12,92,-2.4977782
156,13,4,0.01781908
157,13,13,-1.6810715
158,13,21,-1.78828
159,13,23,-0.90138
160,13,34,2.107578
161,13,42,0.7946884
162,13,43,-0.2884216
163,13,51,-1.8890797
164,13,75,-2.8511393
165,13,90,-2.0493395
166,13,91,-0.186835
167,13,94,1.3959552
168,13,103,-0.7007638
169,13,104,1.641606
170,13,106,3.3438091
171,13,117,1.3179729
172,13,121,-1.9312608
173,14,24,1.3327768
174,14,48,-0.08554172
175,14,54,-0.7275446
176,14,82,0.077557504
177,14,104,-0.6248534
178,14,106,0.32398373
179,14,121,0.08477055
180,14,122,-1.1939521
181,14,126,-0.3045742
182,15,1,-2.1937973
183,15,44,0.3025609
184,15,55,-0.6848517
185,15,58,-2.5305645
186,15,78,-0.22323433
187,15,85,-0.47648394
188,15,89,-0.005349929
189,15,98,3.5324862
190,15,100,-0.39352977
191,15,112,2.9190414
192,15,113,-0.6370062
193,15,119,-4.6531043
194,15,120,-3.6421347
195,16,9,1.1371372
196,16,10,-0.2943465
197,16,11,0.15207925
198,16,22,-2.0261865
199,16,32,0.029125985
200,16,46,-0.75585854
201,16,53,0.14510436
202,16,58,-0.022919182
203,16,75,-1.2611204
204,16,101,0.37378937
205,17,27,-2.2673542
206,17,32,0.36687925
207,17,37,0.3949397
208,17,55,0.37882316
209,17,56,-1.7013415
210,17,59,1.7584398
211,17,73,-1.1775104
212,17,77,2.2678099
213,17,82,2.8446996
214,17,87,0.19408178
215,17,91,0.15850617
216,17,93,-2.837802
217,17,100,-0.018473163
218,17,101,-1.0051291
219,17,102,-2.9162185
220,17,115,-1.342666
221,17,123,-0.7887493
222,18,14,-1.5146444
223,18,18,1.9021647
224,18,19,1.793809
225,18,25,1.2688621
226,18,32,0.3490614
227,18,66,-1.2093724
228,18,72,-0.14193162
229,18,112,0.13799176
230,19,5,-1.9045464
231,19,8,0.13064906
232,19,24,0.002378589
233,19,43,-1.2035371
234,19,49,-1.1186409
235,19,63,-0.39314634
236,19,67,0.2898174
237,19,90,-4.252842
238,19,106,1.0188291
239,19,109,-0.28666762
240,20,34,0.0702117
241,20,50,0.6679792
242,20,64,-0.59964967
243,20,69,0.9990635
244,20,78,-0.1604057
245,20,81,-0.4882334
246,20,101,-0.50151336
247,20,117,-1.5439193
248,20,123,1.671696
249,20,130,-0.03561545
250,21,4,0.85184294
251,21,9,1.0155201
252,21,17,-0.4608205
253,21,35,-0.57386684
254,21,60,0.23690082
255,21,63,-0.49694192
256,21,64,-1.138161
257,21,84,0.5211415
258,21,109,1.775544
259,21,113,0.007952895
260,21,130,0.06779006
261,22,0,-1.8016834
262,22,22,1.9755915
263,22,27,1.408372
264,22,42,-1.285855
265,22,52,3.876095
266,22,95,2.833701
267,22,101,-1.3067017
268,22,111,1.0111816
269,23,10,0.38843095
270,23,34,0.29039806
271,23,37,0.11169735
272,23,76,-0.6788121
273,23,129,-0.5289122
274,24,1,0.9303256
275,24,12,-0.25675905
276,24,23,1.3152257
277,24,27,0.4518426
278,24,41,3.1980608
279,24,50,-3.0646226
280,24,60,-0.25978708
281,24,67,-0.02734153
282,24,68,1.8268726
283,24,74,-0.73886746
284,24,75,0.39082545
285,24,92,-1.4007915
286,24,110,4.6709266
287,24,115,-0.37420443
288,24,117,0.29211268
289,25,14,0.9208292
290,25,28,-1.2998966
291,25,41,-0.043202
292,25,42,-0.7259372
293,25,49,-0.7777909
294,25,73,1.0207528
295,25,86,-0.6303657
296,25,88,0.15584971
297,25,117,-1.4435215
298,26,32,0.023707245
299,26,41,1.1961607
300,26,65,-1.3869915
301,26,71,3.3635378
302,26,72,-0.41023663
303,26,75,1.9295254
304,26,101,-0.47531807
305,26,102,1.166505
306,26,103,-0.23983636
307,26,128,0.7635802
308,27,3,-0.72416705
309,27,17,0.9160902
310,27,28,-0.5867614
311,27,29,0.2956109
312,27,31,0.027736379
313,27,34,0.8478624
314,27,48,-0.25394714
315,27,56,0.17270629
316,27,105,0.78044176
317,27,112,-0.7802429
318,27,123,0.6609392
319,28,15,2.461377
320,28,16,-0.15934479
321,28,19,-0.5626077
322,28,32,0.0547145
323,28,38,0.8202572
324,28,45,-0.27916622
325,28,49,-0.37018827
326,28,63,1.0271256
327,28,65,0.71407294
328,28,66,2.069717
329,28,67,1.2992388
330,28,81,0.13577463
331,28,85,-0.7208243
332,28,99,1.2721266
333,28,105,-2.2018194
334,28,122,-5.3331776
335,29,24,0.9066447
336,29,35,-1.5864658
337,29,36,-1.3149314
338,29,42,1.4815395
339,29,45,0.34270656
340,29,50,1.5670207
341,29,51,0.4626459
342,29,89,-2.3458538
343,29,118,-0.13128436
344,29,125,1.6021024
345,30,3,0.5879628
346,30,4,1.405845
347,30,10,0.9533101
348,30,12,0.75849026
349,30,33,-0.8315047
350,30,54,-0.5634
351,30,55,3.3895302
352,30,61,-0.496334
353,30,71,1.8719823
354,30,79,0.57991064
355,30,81,-1.5768427
356,30,115,-0.08816313
357,31,0,-0.6616905
358,31,3,0.28232518
359,31,10,-0.6924198
360,31,12,0.9167142
361,31,15,0.0788915
362,31,33,-0.6420897
363,31,56,0.06509498
364,31,119,0.24810432
365,31,130,0.06221926
366,32,8,0.017919606
367,32,20,1.3008538
368,32,34,-2.477333
369,32,37,-2.1501985
370,32,47,1.7408849
371,32,48,-3.231374
372,32,59,-2.5544796
373,32,62,0.32915992
374,32,63,2.3997848
375,32,68,-0.65492094
376,32,84,-0.860718
377,32,90,-1.1948228
378,32,91,-1.5056767
379,32,104,-3.070489
380,32,107,-0.6164579
381,32,109,0.50690293
382,32,118,-1.8597631
383,32,119,1.051848
384,33,7,0.6235416
385,33,47,-1.6172563
386,33,57,-1.3662206
387,33,61,-0.31211045
388,33,66,-2.2308705
389,33,91,-1.1659328
390,33,95,-3.1262712
391,33,98,3.4694576
392,33,99,4.487597
393,33,100,-0.11724332
394,34,14,3.0998223
395,34,22,0.30188963
396,34,26,-0.63016456
397,34,37,0.7638032
398,34,41,0.28377366
399,34,43,0.101744294
400,34,56,-1.0446464
401,34,72,-0.5347464
402,34,83,0.54788506
403,34,91,-0.47134113
404,34,97,-0.29047558
405,34,102,-1.0975143
406,34,118,0.2569324
407,35,3,6.1946235
408,35,5,-1.091706
409,35,21,0.6080386
410,35,47,1.7660838
411,35,49,0.8947506
412,35,55,0.85796934
413,35,60,2.3082337
414,35,71,3.2852402
415,35,76,0.36012918
416,35,100,-1.7761695
417,35,106,-2.5150416
418,35,110,5.7545857
419,35,113,1.1424716
420,35,117,0.8696919
421,35,126,-1.6163732
422,36,24,-3.2596054
423,36,42,-0.3606136
424,36,43,3.0372398
425,36,44,-1.895358
426,36,48,2.1844075
427,36,53,-1.0920395
428,36,67,1.4722359
429,36,68,1.78839
430,36,72,0.43036968
431,36,73,-0.54260486
432,36,75,-1.5403154
433,36,76,-1.1689911
434,36,80,-0.9961875
435,36,85,-1.6863121
436,36,97,-0.12504596
437,36,107,-2.594643
438,36,112,1.5427247
439,36,116,-0.45123056
440,36,120,1.2139949
441,36,122,1.4221851
442,36,127,-1.0362445
443,37,6,-0.31110835
444,37,17,-1.5080111
445,37,18,0.28239816
446,37,22,-1.1517484
447,37,48,1.0884882
448,37,60,0.06419679
449,37,65,-0.960596
450,37,76,2.1875992
451,37,78,1.0634342
452,37,80,0.40823877
453,37,92,-0.46320093
454,37,94,0.33567718
455,37,108,0.8139502
456,37,124,0.07615306
457,38,0,-1.1786629
458,38,1,1.1738713
459,38,12,-1.2527951
460,38,17,0.8902902
461,38,21,-3.0643032
462,38,56,-3.928848
463,38,76,3.059903
464,38,82,-1.303019
465,38,104,1.6863348
466,39,1,-0.5285419
467,39,2,-0.5012458
468,39,3,0.8297302
469,39,8,-0.0073366077
470,39,13,-2.142211
471,39,18,-0.42469615
472,39,38,0.57952136
473,39,64,-0.14046836
474,39,71,-0.6183704
475,39,85,0.37746346
476,39,97,0.035331957
477,39,105,4.5131683
478,39,110,0.7091872
479,39,129,-0.34629047
480,40,50,-0.8785153
481,40,66,0.95438087
482,40,68,0.7017809
483,40,76,-0.06590279
484,40,82,-1.1797525
485,40,84,0.59921265
486,40,98,0.23086882
487,41,45,-0.6912195
488,41,58,0.6449287
489,41,59,-0.6159175
490,41,64,1.0106207
491,41,70,0.23932166
492,41,71,-0.63944066
493,41,78,-0.22931674
494,42,9,-1.970883
495,42,21,1.153191
496,42,25,-2.365441
497,42,35,-5.1323905
498,42,48,-0.7956261
499,42,50,1.5279281
500,42,59,1.791489
501,42,60,-2.281902
502,42,65,-0.8229868
503,42,69,0.63613427
504,42,78,0.30283436
505,42,84,0.48203793
506,42,85,0.31672332
507,42,90,0.53552914
508,42,92,0.55376506
509,42,101,-1.3406286
510,42,105,1.1203665
511,42,119,0.1686362
512,42,129,-1.8714572
513,43,4,-1.8099487
514,43,18,-1.9271653
515,43,30,-0.49799126
516,43,39,0.9096747
517,43,54,-1.2161248
518,43,69,0.24220169
519,43,74,1.1433781
520,43,81,-0.8197925
521,43,122,0.92333597
522,43,129,2.3088546
523,44,13,-0.28266352
524,44,24,0.34070557
525,44,30,-0.08182164
526,44,38,2.4401045
527,44,44,2.0746844
528,44,79,-1.0876901
529,44,106,0.8431303
530,45,1,0.5223457
531,45,4,0.66591126
532,45,8,2.3952186
533,45,16,-0.20242374
534,45,20,0.6607225
535,45,21,-2.8916817
536,45,35,-2.9062238
537,45,45,1.2202346
538,45,52,1.5244598
539,45,61,-3.9590507
540,45,62,0.26670015
541,45,65,0.024609135
542,45,71,0.8057719
543,45,78,0.763357
544,45,92,0.1728095
545,45,100,-0.14374806
546,45,122,1.7864786
547,46,3,-4.75651
548,46,25,-0.7715357
549,46,36,1.1009755
550,46,43,0.8002046
551,46,59,0.5647265
552,46,64,-3.1101644
553,46,67,0.69159615
554,46,70,-1.1424098
555,46,85,6.6986947
556,46,93,1.1481733
557,46,101,0.42711413
558,46,109,-0.81951445
559,46,117,-1.4710319
560,46,119,1.3297639
561,46,120,0.9126615
562,47,12,0.64144313
563,47,15,0.395061
564,47,21,-1.6300278
565,47,22,1.6348106
566,47,28,-0.035428356
567,47,61,0.56652886
568,47,67,-2.6826475
569,47,77,-1.176907
570,47,81,0.705077
571,47,113,-1.0149186
572,47,130,-2.2719598
573,48,44,-3.7859576
574,48,46,-1.3541822
575,48,49,0.12599337
576,48,58,-0.71898067
577,48,86,0.62377477
578,48,90,-1.1299398
579,48,91,0.45127445
580,48,93,-3.2222624
581,48,96,-1.0443307
582,48,114,-3.190145
583,49,5,-2.1799643
584,49,9,-1.5123924
585,49,19,0.951678
586,49,25,-2.700534
587,49,29,0.46216786
588,49,40,3.2493715
589,49,46,3.4759858
590,49,52,0.24184178
591,49,67,1.0794684
592,49,79,-1.8957679
593,49,83,-1.4307445
594,49,88,-3.728728
595,49,95,-1.4097973
596,49,111,-0.25121954
597,49,126,-1.3498026
598,50,1,4.4128914
599,50,2,-1.772402
600,50,15,0.5242013
601,50,31,2.070802
602,50,52,-0.54882914
603,50,66,-5.3105135
604,50,69,-0.5483549
605,50,82,2.5870771
606,50,95,-0.20639458
607,50,118,1.4982694
608,50,129,-0.86996526
609,51,2,-0.03801332
610,51,25,0.018352244
611,51,56,0.4227255
612,51,106,-0.5813225
613,51,112,1.938889
614,51,117,2.483469
615,52,2,0.29742905
616,52,17,0.6290806
617,52,18,1.0460702
618,52,35,0.62317413
619,52,39,2.7001631
620,52,65,0.14464389
621,52,74,1.5454155
622,52,82,-0.46473426
623,52,92,-0.14970574
624,52,99,-0.26637998
625,52,116,-0.2965071
626,52,123,0.83595574
627,53,4,0.71832293
628,53,43,0.85506934
629,53,47,-0.50053114
630,53,49,-1.0227013
631,53,55,0.8871845
632,53,68,0.9230899
633,53,79,1.7773445
634,53,86,-0.35623226
635,53,117,-1.4098821
636,53,121,0.013733811
637,53,123,2.1258488
638,53,128,-1.0182688
639,53,129,0.8134176
640,54,9,-0.74368834
641,54,13,1.6757122
642,54,15,0.33979696
643,54,39,1.286593
644,54,47,-1.7845085
645,54,71,-2.1839802
646,54,105,-0.51343715
647,54,110,0.5183556
648,54,114,0.44293424
649,54,126,-0.5975701
650,54,129,0.111401476
651,55,6,0.7149246
652,55,17,0.5195918
653,55,38,0.76974976
654,55,48,1.150816
655,55,55,1.83589
656,55,65,0.57349366
657,55,71,0.8784626
658,55,113,-0.19458526
659,55,116,-0.053393003
660,56,42,1.8119166
661,56,45,-0.34083346
662,56,80,1.705176
663,56,126,-0.66473955
664,57,3,1.042863
665,57,5,-0.030895365
666,57,12,-0.2645907
667,57,14,0.74091476
668,57,32,0.81985474
669,57,54,-0.49226433
670,57,63,1.8625513
671,57,64,-0.17370807
672,57,65,0.12668079
673,57,80,-0.42257363
674,57,102,0.71825016
675,58,23,-2.7112145
676,58,34,-0.9624098
677,58,39,-2.631354
678,58,58,1.9869021
679,58,90,-0.36692506
680,58,96,-0.8934972
681,58,99,-0.6096139
682,58,109,-0.47681254
683,58,111,-1.9620785
684,58,112,0.7192763
685,58,118,-0.18470968
686,58,128,-0.14943573
687,58,130,-0.24723758
688,59,11,0.15979645
689,59,12,0.14356253
690,59,13,1.1095366
691,59,19,-1.8488485
692,59,30,-1.2848687
693,59,43,0.7005057
694,59,55,-0.66084254
695,59,77,1.2745048
696,59,96,-0.13500744
697,59,97,-0.89795685
698,59,101,1.742581
699,59,113,0.63822633
700,59,122,-1.8829473
701,59,126,-2.8582947
702,60,4,-1.1689625
703,60,11,-1.7457935
704,60,24,1.230721
705,60,65,1.110522
706,60,91,-2.0704415
707,61,7,-0.9313269
708,61,13,-0.53042066
709,61,24,-1.4347532
710,61,30,0.43679574
711,61,32,0.42817202
712,61,41,0.24149145
713,61,51,-0.5500558
714,61,62,-0.5754364
715,61,72,-0.5854565
716,61,79,0.5845611
717,61,85,-0.6767098
718,62,1,-2.1521177
719,62,18,1.7096814
720,62,26,1.1227572
721,62,67,-1.4435998
722,62,80,2.0165741
723,62,83,0.31207225
724,62,99,1.7423844
725,62,103,-0.23258334
726,62,113,-0.47865003
727,62,115,-0.10079086
728,62,116,1.6165024
729,62,121,0.36248612
730,63,9,2.6489325
731,63,35,4.5099115
732,63,49,-2.0187933
733,63,55,1.812391
734,63,65,3.3859987
735,63,67,-0.90787417
736,63,68,-1.7127221
737,63,83,3.1106408
738,63,94,-1.7269021
739,63,102,0.94653714
740,63,118,0.7117171
741,63,125,1.298617
742,63,127,-1.7074156
743,64,21,0.6551634
744,64,23,0.35174006
745,64,32,0.19358288
746,64,33,0.80852574
747,64,40,2.7255867
748,64,47,-3.1742477
749,64,54,0.5332111
750,64,68,0.5430168
751,64,75,-0.4289507
752,64,78,0.34352753
753,64,94,1.5815587
754,64,95,2.616276
755,64,111,-0.9084421
756,64,120,0.8066715
757,64,121,3.0061429
758,64,130,-0.17331298
759,65,1,0.21454929
760,65,25,-0.93277687
761,65,29,2.2832632
762,65,56,-0.41889817
763,65,58,-1.4321393
764,65,62,-0.29081798
765,65,63,0.14254478
766,65,71,-1.805302
767,65,80,-1.0881797
768,65,92,0.20965827
769,65,93,-2.104938
770,65,113,0.50613576
771,65,115,0.21575415
772,65,116,-1.2863388
773,65,117,-0.9990265
774,65,119,-0.39647645
775,65,121,0.97602594
776,65,125,1.1259016
777,66,0,1.00997
778,66,11,-1.1610602
779,66,19,-0.017524451
780,66,26,-1.6389958
781,66,36,-1.0176389
782,66,45,-1.5679581
783,66,53,0.8826887
784,66,64,1.6856948
785,66,88,0.7349706
786,66,93,0.031849634
787,66,108,-1.4626539
788,66,115,-1.2335671
789,66,116,0.018834827
790,66,127,-1.3089914
791,67,4,-3.2045252
792,67,29,1.0654273
793,67,55,0.96617216
794,67,59,-0.34560695
795,67,60,-4.344065
796,67,77,5.785926
797,67,82,1.7509056
798,67,101,-1.9582783
799,67,110,0.360111
800,67,114,-2.347796
801,67,121,-0.13890748
802,68,17,0.48086157
803,68,18,0.43015376
804,68,19,0.5246518
805,68,23,1.8516628
806,68,31,-0.24443306
807,68,34,0.9370526
808,68,48,-0.33391258
809,68,129,2.707297
810,69,1,3.216089
811,69,16,3.8787494
812,69,39,-0.2646052
813,69,54,1.3635914
814,69,84,-1.3508458
815,69,91,0.7346948
816,69,95,-1.5277554
817,69,97,-0.03353656
818,69,102,4.604258
819,69,110,-0.84825295
820,69,120,0.26028106
821,69,129,2.4286158
822,70,1,0.19728991
823,70,3,-0.5819634
824,70,11,0.8805053
825,70,28,-0.34971318
826,70,31,1.807355
827,70,37,0.8415459
828,70,43,0.8478425
829,70,45,-2.3551204
830,70,55,-1.0353608
831,70,87,-2.9760294
832,70,99,-0.99145555
833,70,103,0.014540613
834,70,116,-0.16596684
835,70,117,-1.121497
836,71,0,-2.7777693
837,71,3,0.78608346
838,71,7,1.1210177
839,71,12,-1.6414655
840,71,18,1.493317
841,71,25,1.2202933
842,71,34,-0.14365105
843,71,45,0.30199426
844,71,49,-0.3425288
845,71,59,0.25500506
846,71,72,0.15839824
847,71,84,-0.6126762
848,71,99,-2.0964615
849,71,112,0.35205773
850,71,128,0.1439167
851,72,24,0.4265104
852,72,27,-0.96989757
853,72,39,2.1279953
854,72,57,0.7669713
855,72,58,-1.2128826
856,72,100,-1.0020554
857,72,111,0.875698
858,73,0,-0.42726788
859,73,62,2.5801783
860,73,67,2.659426
861,73,68,-0.95343554
862,73,73,1.1374241
863,73,75,-0.13244249
864,73,78,0.070800684
865,73,80,-1.3253044
866,73,90,1.0760827
867,73,97,-0.77047354
868,73,98,3.8205736
869,73,99,0.9179503
870,73,125,0.4736912
871,73,128,-0.8998214
872,74,2,-0.5603945
873,74,7,-4.3606915
874,74,12,-0.6861722
875,74,17,-0.55782497
876,74,31,-0.5065168
877,74,37,0.32766446
878,74,41,0.82964736
879,74,46,1.709537
880,74,86,0.8287169
881,74,106,-1.7402376
882,74,116,2.315965
883,75,35,4.941258
884,75,52,-2.9585555
885,75,77,-0.9395804
886,75,91,-1.1766598
887,75,107,0.15871641
888,75,113,0.4688946
889,75,120,-1.5073712
890,75,123,2.2815764
891,75,127,2.3704112
892,76,20,0.703496
893,76,30,0.72081
894,76,33,0.9395253
895,76,46,1.0342182
896,76,54,-1.7823374
897,76,58,-2.1191056
898,76,64,-0.42422777
899,76,67,-2.0961015
900,76,80,0.08874816
901,76,118,0.72176856
902,76,124,-0.8226415
903,77,3,1.6224576
904,77,4,-1.9330884
905,77,8,1.2517675
906,77,12,0.14425376
907,77,40,-0.636587
908,77,42,-1.007921
909,77,82,0.011233683
910,77,110,1.059159
911,77,112,-0.50654894
912,77,115,1.2712681
913,77,125,-1.2776519
914,77,129,2.6491666
915,78,33,0.4475714
916,78,41,-1.2408586
917,78,50,0.015818298
918,78,78,1.0984718
919,78,91,-0.27358237
920,78,95,-0.2472829
921,78,97,2.9255693
922,78,103,2.566997
923,78,109,1.3502069
924,78,115,-0.3926753
925,78,119,-2.74396
926,78,123,-2.2738886
927,78,128,-3.0069933
928,79,2,-0.60856473
929,79,16,-0.4295998
930,79,21,2.4550748
931,79,43,-3.1122198
932,79,68,-0.642024
933,79,69,0.84686077
934,79,104,-0.5688094
935,79,122,-0.4987517
936,79,130,0.48135763
937,80,4,1.0093797
938,80,8,-0.62757444
939,80,34,-2.6877027
940,80,40,2.6944861
941,80,68,1.7782019
942,80,71,4.595577
943,80,72,-3.5771325
944,80,73,-1.1624116
945,80,74,0.73796123
946,80,110,1.8052344
947,80,115,-2.9025848
948,80,119,-1.4266832
949,80,122,2.277568
950,81,6,-1.1634071
951,81,15,-1.1189289
952,81,26,1.2923306
953,81,57,0.48166248
954,81,75,-1.3688712
955,81,113,1.5590612
956,81,116,-0.64103866
957,81,121,-1.2712562
958,81,122,2.167433
959,81,123,-2.1314147
960,82,2,0.3464067
961,82,4,0.1312396
962,82,14,-1.6137615
963,82,24,-3.2036452
964,82,42,-0.15870185
965,82,47,-3.2672307
966,82,51,4.3234653
967,82,52,-0.15294525
968,82,53,1.2039291
969,82,69,-7.282781
970,82,70,-0.045799587
971,82,81,-3.4517846
972,82,85,-0.27265432
973,82,102,1.4889263
974,82,109,-1.8615112
975,82,110,2.3739846
976,82,117,1.7804232
977,82,124,-0.4669273
978,82,128,0.39473203
979,83,16,0.20667359
980,83,21,2.9561899
981,83,28,-3.1402645
982,83,29,1.1774353
983,83,51,0.30115208
984,83,57,2.578319
985,83,97,-1.2751089
986,84,6,0.94148624
987,84,8,-0.62256217
988,84,13,-1.3044813
989,84,29,-0.57372534
990,84,35,-1.0435482
991,84,36,6.4010577
992,84,39,-0.9802009
993,84,48,-1.9314139
994,84,52,0.7477898
995,84,54,-0.4335983
996,84,60,1.0537981
997,84,79,0.7767071
998,84,82,2.1610029
999,84,100,1.622039
1000,84,123,1.2072687
1001,84,125,-6.760151
1002,85,22,0.3343531
1003,85,29,-0.5398268
1004,85,40,-0.1620846
1005,85,43,0.6205435
1006,85,76,-1.821721
1007,85,94,-0.6117842
1008,85,100,0.5820272
1009,85,101,-0.021938337
1010,85,117,-1.3846112
1011,86,9,0.046212263
1012,86,17,-0.38301665
1013,86,22,1.5351574
1014,86,28,-0.5158091
1015,86,51,-1.3780344
1016,86,58,1.4265965
1017,86,65,0.5218492
1018,86,99,-0.86347395
1019,86,112,1.7847835
1020,86,113,-0.68281186
1021,86,115,1.0568026
1022,86,117,0.4184135
1023,87,10,-2.832762
1024,87,12,1.4976571
1025,87,13,4.3788915
1026,87,26,-1.2392395
1027,87,38,-0.15598944
1028,87,39,-3.0577073
1029,87,40,3.8302853
1030,87,47,2.3235435
1031,87,59,-0.90383613
1032,87,72,1.5845268
1033,87,73,0.052242313
1034,87,74,-0.36782303
1035,87,97,2.9439437
1036,87,108,-1.0380675
1037,87,123,-5.453703
1038,87,130,0.01940208
1039,88,5,0.744432
1040,88,17,-4.2204275
1041,88,21,-1.3098134
1042,88,23,-1.6713444
1043,88,27,1.5959005
1044,88,50,0.5411105
1045,88,79,-0.6616754
1046,88,80,0.14197655
1047,88,92,-0.7620829
1048,88,97,-1.5921597
1049,88,102,0.6320698
1050,88,127,1.1971606
1051,89,5,0.6026886
1052,89,53,0.4973149
1053,89,63,1.4626395
1054,89,67,2.1347036
1055,89,77,0.45149007
1056,89,98,-1.4461298
1057,89,100,-0.98685086
1058,89,127,1.4958981
1059,90,2,-3.3219628
1060,90,11,-3.679346
1061,90,12,-0.60645294
1062,90,16,1.3148946
1063,90,19,-1.9856578
1064,90,30,2.6429148
1065,90,33,-1.1138477
1066,90,34,2.7961688
1067,90,48,-0.21970612
1068,90,88,0.48536214
1069,90,91,0.855345
1070,90,106,2.4918177
1071,90,111,1.0419593
1072,90,116,0.36430874
1073,90,125,2.6669638
1074,90,126,1.0314045
1075,91,4,1.3635597
1076,91,9,-0.09348605
1077,91,16,-0.24062502
1078,91,54,0.66104025
1079,91,59,0.6536193
1080,91,63,-0.492247
1081,91,64,-0.6913358
1082,91,78,-0.16321544
1083,91,79,0.92225987
1084,91,87,0.303538
1085,91,91,1.192727
1086,92,2,1.9457611
1087,92,15,-1.2766175
1088,92,24,-1.9815346
1089,92,63,1.9790541
1090,92,99,1.126302
1091,92,128,-1.596467
1092,92,129,-1.7491928
1093,93,19,0.07068151
1094,93,37,-1.1278204
1095,93,75,-0.057761308
1096,93,79,-0.75432706
1097,93,86,-0.7108131
1098,93,91,-0.18504633
1099,93,118,0.11329941
1100,94,66,1.1497594
1101,94,72,1.1178304
1102,94,74,-1.052996
1103,94,106,-1.7120702
1104,94,108,0.15456195
1105,94,119,1.1222451
1106,94,122,-5.0348763
1107,95,17,1.2042071
1108,95,29,2.7798367
1109,95,47,-1.4063537
1110,95,61,1.8062366
1111,95,62,-0.19459991
1112,95,66,1.0585358
1113,95,76,-0.7485152
1114,95,96,-0.20084171
1115,95,98,-0.5095763
1116,95,103,2.1808352
1117,96,8,-4.974725
1118,96,25,-0.1954285
1119,96,32,-2.7916276
1120,96,47,-0.31617397
1121,96,86,0.54265785
1122,96,100,-0.9536298
1123,96,112,2.7283657
1124,96,115,-1.8338777
1125,96,117,4.802963
1126,96,125,-3.1514838
1127,96,127,0.42741588
1128,96,128,0.8941303
1129,97,7,-10.149036
1130,97,8,-0.52824384
1131,97,19,2.4349341
1132,97,20,0.45823184
1133,97,26,-2.082964
1134,97,35,2.2176397
1135,97,47,-2.3378239
1136,97,48,-1.0940511
1137,97,55,-2.46835
1138,97,68,2.7943847
1139,97,75,0.51203895
1140,97,104,2.377993
1141,98,15,1.6892235
1142,98,20,-2.1843648
1143,98,32,0.04604656
1144,98,42,1.5343176
1145,98,47,1.621562
1146,98,67,-1.5797147
1147,98,70,-1.3560783
1148,98,121,0.60912645
1149,99,11,0.8368767
1150,99,53,-1.0111512
1151,99,76,0.4540259
1152,99,87,0.53356737
1153,99,88,0.7754719
1154,99,121,-0.021062084
1155,100,0,-0.30726257
1156,100,19,-0.008761372
1157,100,25,0.23429047
1158,100,28,2.2777176
1159,100,29,2.8305907
1160,100,31,1.2915561
1161,100,32,2.5558538
1162,100,34,-3.1881385
1163,100,42,-0.53785795
1164,100,46,-5.31475
1165,100,64,1.0056244
1166,100,68,-0.6891918
1167,100,76,0.17929855
1168,100,96,1.0943408
1169,100,97,-0.40549257
1170,100,103,1.7233715
1171,100,128,-0.16540645
1172,101,19,0.119662166
1173,101,20,-1.098216
1174,101,31,0.46730262
1175,101,41,0.43970457
1176,101,59,1.0260834
1177,101,60,-0.26357356
1178,101,62,-1.5642486
1179,101,66,0.1590221
1180,101,81,0.05562391
1181,101,87,-0.49348342
1182,101,91,0.45042711
1183,101,94,0.35273328
1184,101,101,1.011855
1185,101,103,0.119244576
1186,101,110,1.677463
1187,101,124,-0.49930748
1188,101,127,2.337477
1189,101,128,-0.07989677
1190,102,11,1.0330123
1191,102,16,1.0756594
1192,102,17,0.7443307
1193,102,40,6.145532
1194,102,42,-1.2090886
1195,102,60,-0.53355473
1196,102,65,-2.3288398
1197,102,86,-0.63166356
1198,102,89,-0.7304304
1199,102,90,-1.4249071
1200,102,91,0.22179578
1201,102,97,2.0343068
1202,102,98,-0.078142375
1203,102,113,-0.72892684
1204,102,115,-0.36775917
1205,102,120,-0.6634884
1206,102,125,0.21301748
1207,102,126,-0.49084654
1208,102,128,0.056981526
1209,103,4,0.65055186
1210,103,47,1.1555444
1211,103,48,0.22257826
1212,103,56,0.3763145
1213,103,72,-0.1341347
1214,103,101,0.33779567
1215,103,103,0.5087808
1216,103,115,1.4263991
1217,103,120,-0.81552833
1218,103,122,-0.68875164
1219,103,123,-1.0665052
1220,103,129,-4.11172
1221,104,5,-0.9147267
1222,104,11,-1.028437
1223,104,19,-2.6040087
1224,104,43,2.568763
1225,104,53,0.115895875
1226,104,56,-3.1681156
1227,104,62,-2.5027559
1228,104,85,-3.7024925
1229,104,127,-1.9467485
1230,105,9,0.05427473
1231,105,30,0.35398817
1232,105,44,-0.3297214
1233,105,56,-0.07182194
1234,105,65,-0.10049213
1235,105,77,-0.9714133
1236,105,78,0.07289046
1237,105,84,0.2817645
1238,105,97,0.3903701
1239,105,100,-1.4375963
1240,105,112,1.5222403
1241,106,3,-0.85256696
1242,106,12,0.33472857
1243,106,24,0.6959165
1244,106,27,1.6143725
1245,106,39,-4.559057
1246,106,48,-0.33884662
1247,106,62,-2.0144444
1248,106,96,0.37552705
1249,106,115,-2.827136
1250,106,124,0.7749641
1251,107,15,-0.27789128
1252,107,39,1.2584379
1253,107,43,1.182001
1254,107,44,2.795362
1255,107,50,-0.12182908
1256,107,61,0.04193285
1257,107,63,-2.241083
1258,107,66,2.0680509
1259,107,69,1.454415
1260,107,77,-2.6020417
1261,107,78,0.9507026
1262,107,88,-1.3459125
1263,107,116,-1.2451699
1264,107,130,-1.5054431
1265,108,6,4.0227785
1266,108,11,2.2345247
1267,108,12,1.1270328
1268,108,20,2.102694
1269,108,39,2.0476165
1270,108,45,2.5712368
1271,108,54,1.5235766
1272,108,61,-2.1162634
1273,108,70,-0.932249
1274,108,75,1.3580174
1275,108,76,0.24091595
1276,108,81,-1.9538809
1277,108,93,-2.0395184
1278,108,100,1.1749375
1279,108,102,0.28933382
1280,108,117,7.4619412
1281,108,130,-0.7617632
1282,109,2,-0.83755153
1283,109,46,1.4931543
1284,109,59,-0.468557
1285,109,62,0.3788837
1286,109,70,-0.20360401
1287,109,76,0.09450116
1288,109,78,0.23851317
1289,109,79,0.123134315
1290,109,103,0.26256672
1291,109,110,-1.151604
1292,110,24,0.3324965
1293,110,42,-0.3225067
1294,110,43,-0.9563246
1295,110,66,-0.14026365
1296,110,73,-0.74994636
1297,110,77,-0.21197315
1298,110,101,0.31388944
1299,110,117,0.15184896
1300,110,126,0.33406708
1301,111,13,0.9013655
1302,111,31,-2.5481632
1303,111,33,-0.7876117
1304,111,41,-0.19701661
1305,111,47,1.6141478
1306,111,103,0.18071553
1307,111,109,1.1167022
1308,111,114,0.2740968
1309,112,15,-2.1667566
1310,112,22,2.421926
1311,112,46,1.0145614
1312,112,62,0.68096423
1313,112,67,-0.33069742
1314,112,89,-2.3964722
1315,112,91,-2.9460921
1316,113,0,-0.4728283
1317,113,8,-0.36982572
1318,113,26,-4.550641
1319,113,28,2.2567878
1320,113,35,0.15561076
1321,113,47,0.6515198
1322,113,71,-1.4271882
1323,113,88,-0.49514169
1324,113,91,-1.8420087
1325,113,130,-0.615213
1326,114,16,0.704989
1327,114,40,0.53455716
1328,114,47,-1.6398152
1329,114,59,0.996137
1330,114,63,-0.2497083
1331,114,85,0.0046689645
1332,114,117,1.2072203
1333,114,124,3.2343938
1334,114,126,-0.70680034
1335,115,7,-0.98674774
1336,115,13,-0.17980625
1337,115,17,-0.80662966
1338,115,21,0.8497753
1339,115,32,-0.06711175
1340,115,34,-0.3337481
1341,115,45,-0.3982392
1342,115,50,-0.611941
1343,115,53,-0.16103093
1344,115,55,0.33297685
1345,115,63,-0.51091826
1346,115,80,-0.97381926
1347,115,85,-1.7702618
1348,115,128,-0.034929413
1349,116,15,0.1164754
1350,116,57,4.057197
1351,116,75,1.4769266
1352,116,76,-1.3438077
1353,116,92,-0.94016796
1354,116,104,-0.18016016
1355,116,105,-0.10334249
1356,116,107,1.977242
1357,116,121,0.97573113
1358,116,126,-0.7637353
1359,117,4,-0.7557061
1360,117,37,-1.09505
1361,117,42,2.4934566
1362,117,47,0.99777013
1363,117,76,1.7177856
1364,117,78,-3.7322876
1365,117,81,0.6199349
1366,117,84,0.124455854
1367,117,86,0.6289355
1368,117,88,-0.24529974
1369,117,129,-0.9023251
1370,118,33,0.32764474
1371,118,37,-0.7836318
1372,118,46,2.6808841
1373,118,53,0.11166822
1374,118,57,-2.7149875
1375,118,75,-0.46647158
1376,118,86,2.866643
1377,118,103,1.4827466
1378,118,105,0.8354807
1379,119,0,0.42129138
1380,119,2,-0.26027176
1381,119,8,-0.10730379
1382,119,19,-1.2613837
1383,119,29,-0.6962367
1384,119,32,1.5413423
1385,119,41,-1.6146818
1386,119,53,-0.26178104
1387,119,57,0.6931947
1388,119,64,0.06939774
1389,119,85,2.8557498
1390,119,89,1.8308493
1391,119,92,1.0882733
1392,119,100,-2.3765364
1393,119,112,-1.0586901
1394,119,114,2.2854767
1395,119,125,0.5603399
1396,119,130,-0.67906517
1397,120,12,0.11115959
1398,120,28,-0.02340742
1399,120,49,-0.013597633
1400,120,54,-2.546109
1401,120,64,0.50137746
1402,120,97,-0.11381526
1403,120,129,0.13969098
1404,121,23,-4.9516845
1405,121,34,-2.4376657
1406,121,54,4.450912
1407,121,57,-1.523057
1408,121,72,5.0124693
1409,121,93,1.174396
1410,121,102,1.6704007
1411,121,106,2.4732652
1412,121,112,1.2079331
1413,121,120,0.99598825
1414,121,124,-5.8730345
1415,122,9,-1.2646586
1416,122,14,-3.6281347
1417,122,23,6.066524
1418,122,47,0.6949405
1419,122,51,5.45513
1420,122,55,1.1358166
1421,122,80,1.0889348
1422,123,28,-1.9312329
1423,123,66,0.8718359
1424,123,74,-2.3196528
1425,123,88,1.7537459
1426,123,95,2.2589066
1427,123,116,-1.039136
1428,123,129,5.8033113
1429,124,4,-0.6997184
1430,124,29,-3.025958
1431,124,32,0.1262971
1432,124,34,3.3595836
1433,124,54,4.4055862
1434,124,62,-2.290443
1435,124,118,-1.4529874
1436,124,127,1.1630242
1437,125,0,-0.6812002
1438,125,2,1.6557997
1439,125,5,-0.9863937
1440,125,16,4.1158032
1441,125,23,-2.6559272
1442,125,41,0.28054425
1443,125,47,-0.46341184
1444,125,88,-3.865682
1445,125,90,1.1838614
1446,125,93,-2.7383385
1447,126,13,-3.1776373
1448,126,20,1.4146262
1449,126,40,3.3114917
1450,126,41,0.56450766
1451,126,42,0.08869398
1452,126,83,0.53816205
1453,126,96,-1.719122
1454,126,107,-1.218676
1455,126,126,5.046985
1456,126,129,-0.9582635
1457,127,23,0.54454166
1458,127,47,0.53785956
1459,127,48,-1.0587442
1460,127,53,-1.921254
1461,127,68,1.2771233
1462,127,72,-1.310262
1463,127,104,2.2161431
1464,127,114,-2.0215662
1465,127,126,-0.0857383
1466,128,24,0.765574
1467,128,41,-0.000103261074
1468,128,56,1.787719
1469,128,58,2.7478945
1470,128,72,-0.10942235
1471,128,80,-0.5511018
1472,128,88,-3.3775508
1473,128,100,-1.5572983
1474,128,112,0.23984912
1475,128,130,-1.9375719
1476,129,0,0.55295867
1477,129,41,-3.4470398
1478,129,51,-0.73679847
1479,129,66,3.3720498
1480,129,84,0.37119073
1481,129,95,0.83977777
1482,129,96,-2.157469
1483,129,97,2.9778838
1484,129,113,2.3916118
1485,130,7,-1.1117754
1486,130,14,5.025929
1487,130,31,-1.0514098
1488,130,35,-0.45473978
1489,130,41,-2.121237
1490,130,43,-1.0446664
1491,130,47,-0.11580446
1492,130,49,1.6752068
1493,130,60,0.95908326
1494,130,72,-1.5492784
1495,130,83,-2.9506748
1496,130,84,-0.1677646
1497,130,94,0.28340504
1498,130,112,-2.0592592
1499,130,130,0.36122718
